week,conflict_label,total,n_bot,n_human,bot_share,mean_ttr_human,shannon_entropy
2010-12-05,gaza_israel,9,0,9,0,0.8187519249116848,6.936632835188374
2010-12-12,gaza_israel,3,2,1,0.6666666666666666,0.95,3
2012-03-04,both,4,0,4,0,0.7972689530593943,5.8902749974419235
2012-03-18,gaza_israel,3,0,3,0,0.918918918918919,4.964904158123494
2012-04-22,gaza_israel,4,0,4,0,0.8453282828282829,5.966210122385706
2012-06-03,iran_usa,3,2,1,0.6666666666666666,0.8404255319148937,4.9375
2012-06-17,iran_usa,3,0,3,0,0.7719521096478831,6.185789887791045
2012-07-08,gaza_israel,4,0,4,0,0.7678052278064567,7.20056306349049
2012-08-05,iran_usa,3,0,3,0,0.9224806201550387,5.7299261269014305
2012-09-16,both,4,2,2,0.5,0.7629498647805284,6.641305846512185
2012-09-16,gaza_israel,13,10,3,0.7692307692307693,0.8484460978067117,5.672551900262684
2012-09-23,iran_usa,4,2,2,0.5,0.9375,3.96981578242681
2012-10-07,gaza_israel,3,1,2,0.3333333333333333,0.7685185185185185,5.261842188131012
2012-10-14,gaza_israel,3,1,2,0.3333333333333333,0.8801652892561984,5.469482468698914
2012-10-21,gaza_israel,3,1,2,0.3333333333333333,0.911111111111111,3.664497779200461
2012-10-28,gaza_israel,9,2,7,0.2222222222222222,0.8642169970012628,7.061687896024661
2012-11-04,gaza_israel,5,0,5,0,0.8916666666666666,5.589614648336087
2012-11-11,gaza_israel,9,0,9,0,0.8607229031318412,6.63256249741352
2012-11-18,gaza_israel,10,3,7,0.3,0.8627381095637893,6.688259410733215
2013-01-13,gaza_israel,3,1,2,0.3333333333333333,0.8029970760233918,4.927798970294786
2013-01-27,gaza_israel,3,1,2,0.3333333333333333,0.683872088981578,5.745289857076009
2013-02-03,gaza_israel,4,0,4,0,0.778375626566416,5.6097413207005085
2013-08-18,iran_usa,3,0,3,0,0.8658536585365854,6.177547974087685
2013-08-25,iran_usa,3,0,3,0,0.7901383631379716,6.160763851585576
2013-11-03,gaza_israel,3,1,2,0.3333333333333333,0.8934959349593495,4.459431618637297
2013-12-15,gaza_israel,6,2,4,0.3333333333333333,0.8330101271277742,6.856279552464523
2014-01-26,gaza_israel,6,2,4,0.3333333333333333,0.7749115456704989,5.814235550408468
2014-03-02,gaza_israel,3,0,3,0,0.7571531038080334,6.1731733168630285
2014-04-27,gaza_israel,12,11,1,0.9166666666666666,0.7523809523809524,4.729283016944966
2014-05-04,gaza_israel,4,1,3,0.25,0.815469018769844,5.889680181354617
2014-05-18,gaza_israel,8,2,6,0.25,0.8775243147656941,6.204999230169446
2014-06-22,gaza_israel,3,2,1,0.6666666666666666,1,3.1699250014423126
2014-07-06,gaza_israel,22,6,16,0.2727272727272727,0.8529706648403602,7.68626624002124
2014-07-13,gaza_israel,25,10,15,0.4,0.8863159022026752,7.001621698893642
2014-07-20,both,8,4,4,0.5,0.7105561901667297,7.576654433597022
2014-07-20,gaza_israel,36,19,17,0.5277777777777778,0.8232011501670266,7.969351569189933
2014-07-27,gaza_israel,35,18,17,0.5142857142857142,0.8933391204814203,7.455981043488893
2014-08-03,gaza_israel,15,8,7,0.5333333333333333,0.8131823073447417,7.006047162063962
2014-08-10,gaza_israel,9,0,9,0,0.8218517322918849,8.351503243936978
2014-08-17,gaza_israel,6,1,5,0.16666666666666666,0.8621907332433648,5.954874565488159
2014-08-24,gaza_israel,7,2,5,0.2857142857142857,0.8558847319888481,6.549976451652385
2014-08-31,gaza_israel,3,0,3,0,0.8985507246376812,5.392317422778761
2014-09-21,gaza_israel,3,0,3,0,0.9286412512218964,4.7068905956085185
2014-10-05,gaza_israel,11,3,8,0.2727272727272727,0.8197649868842943,6.7785450040693735
2014-11-02,gaza_israel,6,0,6,0,0.8847805788982259,6.080873906728535
2014-11-09,gaza_israel,7,1,6,0.14285714285714285,0.913768115942029,6.6193569159782575
2014-11-16,gaza_israel,6,0,6,0,0.7668736199822251,8.871945630634812
2014-12-07,gaza_israel,5,2,3,0.4,0.872183908045977,4.832560875056691
2014-12-21,gaza_israel,4,3,1,0.75,1,2
2015-01-04,gaza_israel,3,1,2,0.3333333333333333,0.8551136363636364,5.848084545645458
2015-02-01,gaza_israel,3,1,2,0.3333333333333333,0.7613345733550336,6.4010001046090546
2015-02-01,iran_usa,3,1,2,0.3333333333333333,1,3.1699250014423126
2015-02-22,iran_usa,3,0,3,0,0.8882061785287592,4.926427859887889
2015-03-08,gaza_israel,9,4,5,0.4444444444444444,0.9129297052154195,5.5957940411394596
2015-03-22,gaza_israel,4,0,4,0,0.9333116460637606,5.720049960644813
2015-03-29,iran_usa,3,0,3,0,0.803061575507396,6.818644546906488
2015-04-05,gaza_israel,3,1,2,0.3333333333333333,0.8204527712724434,5.221928094887362
2015-04-26,gaza_israel,9,4,5,0.4444444444444444,0.8271314102564102,6.621849360614598
2015-05-03,iran_usa,6,0,6,0,0.7660434094346213,6.969920130027647
2015-05-24,gaza_israel,3,0,3,0,0.880804495711328,5.277613436819116
2015-07-26,gaza_israel,4,0,4,0,0.8373845777533174,6.153224108250237
2015-08-02,gaza_israel,3,0,3,0,0.857057057057057,5.712319091186709
2015-10-18,gaza_israel,3,1,2,0.3333333333333333,0.8229166666666667,4.9287988140246615
2015-10-25,iran_usa,4,1,3,0.25,0.81535569182628,5.720772463993192
2015-11-01,gaza_israel,4,2,2,0.5,1,3.321928094887362
2015-11-22,gaza_israel,4,0,4,0,0.8469028952313836,5.17642832417039
2015-11-29,gaza_israel,3,2,1,0.6666666666666666,1,2
2016-01-03,gaza_israel,6,4,2,0.6666666666666666,0.782074780058651,5.159325271227372
2016-03-13,both,4,0,4,0,0.8515625,5.942279509986237
2016-04-03,iran_usa,3,0,3,0,0.8725071225071226,3.930270372293453
2016-06-12,gaza_israel,3,2,1,0.6666666666666666,0.7232142857142857,5.533911704898537
2016-09-11,gaza_israel,4,2,2,0.5,0.7119184193753983,8.009662342496869
2016-11-06,gaza_israel,4,0,4,0,0.8941112776944862,4.546593564294939
2016-12-18,gaza_israel,4,0,4,0,0.8928345959595959,5.395663087120995
2017-01-01,gaza_israel,3,2,1,0.6666666666666666,0.8421052631578947,2
2017-02-26,gaza_israel,6,2,4,0.3333333333333333,0.8876109765940274,5.854759601642996
2017-07-16,gaza_israel,4,2,2,0.5,0.7135728542914171,7.592549430311286
2017-08-13,iran_usa,4,1,3,0.25,0.8587279262384747,5.611456608683875
2017-08-20,gaza_israel,4,2,2,0.5,0.9155844155844156,3.9477027792200903
2018-03-11,gaza_israel,5,3,2,0.6,0.9021505376344086,4.483856189774724
2018-03-25,both,3,2,1,0.6666666666666666,0.8958333333333334,4.3685225277282065
2018-04-01,gaza_israel,3,2,1,0.6666666666666666,0.7058823529411765,6.476346910598946
2018-05-06,both,10,1,9,0.1,0.9050672943431209,6.4059369277615215
2018-05-06,gaza_israel,14,5,9,0.35714285714285715,0.8238172464495319,7.568778070541059
2018-05-13,both,3,1,2,0.3333333333333333,0.883219954648526,4.767168825720834
2018-05-13,gaza_israel,7,5,2,0.7142857142857143,0.8305555555555556,5.8876772360720935
2018-05-20,gaza_israel,24,24,0,1,NA,NA
2018-07-08,gaza_israel,3,1,2,0.3333333333333333,0.8987341772151899,5.234120167580197
2018-11-11,gaza_israel,3,0,3,0,0.817393795170104,5.939267556014374
2018-12-09,gaza_israel,3,1,2,0.3333333333333333,0.9473684210526316,3.4594316186372978
2019-01-13,gaza_israel,3,1,2,0.3333333333333333,0.7825984990619137,5.101345257520842
2019-06-16,iran_usa,5,0,5,0,0.8698472610955618,6.651861050918359
2019-07-14,iran_usa,7,0,7,0,0.8268422224277528,7.5684742912285206
2020-01-26,gaza_israel,5,0,5,0,0.8379290274942449,6.283585699105423
2020-02-02,gaza_israel,15,6,9,0.4,0.8126571872126394,7.065909004880178
2020-02-16,gaza_israel,4,0,4,0,0.8854554865424431,5.622363698375268
2020-02-23,gaza_israel,3,0,3,0,0.9217446201141853,5.046457187492146
2020-04-19,gaza_israel,4,2,2,0.5,0.9193548387096775,3.238901256602631
2020-04-19,iran_usa,3,2,1,0.6666666666666666,0.8846153846153846,3.4594316186372978
2020-07-12,gaza_israel,6,2,4,0.3333333333333333,0.8593732662146985,5.452640046777107
2020-08-16,gaza_israel,13,12,1,0.9230769230769231,0.84375,2.9219280948873627
2020-08-16,iran_usa,4,3,1,0.75,1,2.3219280948873626
2020-08-23,gaza_israel,3,2,1,0.6666666666666666,1,3.321928094887362
2020-09-06,gaza_israel,18,6,12,0.3333333333333333,0.8537190979521897,7.385345449765185
2020-09-13,gaza_israel,3,1,2,0.3333333333333333,0.7286931818181819,6.115322851868776
2020-10-18,gaza_israel,3,3,0,1,NA,NA
2020-11-01,gaza_israel,4,0,4,0,0.9162332545311269,5.539976567419271
2020-11-29,both,8,0,8,0,0.6845173352942413,7.241053487859302
2020-12-20,gaza_israel,3,3,0,1,NA,NA
2020-12-27,gaza_israel,4,0,4,0,0.9042682926829269,5.664497779200461
2021-01-10,iran_usa,3,2,1,0.6666666666666666,0.9411764705882352,3.321928094887362
2021-02-14,gaza_israel,3,3,0,1,NA,NA
2021-04-04,iran_usa,3,0,3,0,0.8726495726495727,4.221928094887362
2021-05-02,gaza_israel,3,1,2,0.3333333333333333,0.8350694444444444,4.546593564294939
2021-05-09,gaza_israel,15,2,13,0.13333333333333333,0.9229813353855862,7.005765679752288
2021-05-16,gaza_israel,4,0,4,0,0.9388390330665373,5.195295934496217
2021-05-23,gaza_israel,19,0,19,0,0.7339884041105752,8.15158569687248
2021-05-30,gaza_israel,5,1,4,0.2,0.6832535909792856,8.168209375822562
2021-06-06,gaza_israel,6,0,6,0,0.9012193239697485,6.1918068654496485
2021-06-06,iran_usa,3,0,3,0,0.6236008819381151,8.619159212225247
2021-06-13,gaza_israel,7,4,3,0.5714285714285714,0.8964646464646464,4.297079327540665
2021-06-20,gaza_israel,3,2,1,0.6666666666666666,0.62,6.292677303318595
2021-06-20,iran_usa,4,0,4,0,0.9611111111111111,4.440636352673267
2021-08-01,both,4,2,2,0.5,0.9615384615384617,4.625053839880556
2021-08-15,gaza_israel,3,0,3,0,0.9030495169082126,4.294653473544342
2021-09-05,gaza_israel,3,0,3,0,0.857901927084317,6.028890488618676
2021-09-19,gaza_israel,19,0,19,0,0.8799106136727666,8.51854102407611
2021-11-14,gaza_israel,4,0,4,0,0.9235043449197861,5.1542221846835226
2021-11-21,gaza_israel,5,0,5,0,0.9306159420289855,5.718488437474711
2022-04-03,gaza_israel,3,0,3,0,0.9637254901960783,4.161978179679554
2022-05-15,gaza_israel,4,0,4,0,0.9288961038961039,5.9137878600078535
2022-07-31,gaza_israel,3,1,2,0.3333333333333333,1,3.121928094887362
2022-12-04,iran_usa,3,0,3,0,0.9761904761904762,4.643856189774724
2023-01-01,gaza_israel,3,0,3,0,0.95,4.334962500721156
2023-02-19,gaza_israel,4,0,4,0,0.8780846934409194,5.979348276893889
2023-02-26,iran_usa,4,0,4,0,0.9166666666666667,4.718488437474712
2023-03-12,gaza_israel,5,0,5,0,0.8818875441197709,5.523948953209709
2026-03-01,iran_usa,3,0,3,0,0.8852021357742181,5.014997302659252
